;;Шапака документа;;;Расходы;;;;;;;;Справочник курс валют;;;;;;;;;;;;;;;;
;;Дата документа;05.07.2017;;Пример:;Значение;Валюта;Признак расхода;Распределять;;;;Доллар;25,90;;;;;;;;;;;;;;;
;;Поставщик;CONCH STAR;;Страховка заграничная;3270,49;Гривна;Бухгалтерский;Деньги;+;;;Евро;29,50;;;;;;;;;;;;;;;
;;Получатель;ТЕРКОС;;Транспорт заграничный;53 095,00;Гривна;Бухгалтерский;Вес нетто;+;;;;;;;;;;;;;;;;;;;
;;Номер документа основания;TK032;;Транспорт локальный;32 375,00;Гривна;Бухгалтерский;Вес нетто;+;;;;;;;;;;;;;;;;;;;
;;Дата документа основания;03.06.2017;;Разное;11 208,48;Гривна;Бухгалтерский;Деньги;+;;;;;;;;;;;;;;;;;;;
;;Валюта документа основания;Доллар;;Остальное;12 950,00;Гривна;Управленческий;Деньги;+;;;;;;;;;;;;;;;;;;;
;;Курс валюты основания к гривне;26,514500;;;;;;;;;;;;;;;;;;;;;;;;;;
;;Курс валюты основания к гривне (НБУ);25,915589;;;;;;;;;;;;;;;;;;;;;;;;;;
;;;;;;;;;;;;;;;;;;;;;;;;;;;;;
;;;;;;Сумма по документу основанию:;59 818,81;Доллар;;;;;;;;;;;;;;;;;;;;;
;;;;;;;;;;;;;;;;;;;;;;;;;;;;;
;;;;;;;Факт. стоимость;Там. стоимость;;;;;;;;;;;;;;;;;;;;;
;;;;;;Таможенный платёж ПД:;432 148,07;448 287,54;Гривна;;;;;;;;;;;;;;;;;;;;
;;;;;;Таможенный платёж ПП:;0,00;0,00;Гривна;;;;;;;;;;;;;;;;;;;;
;;;;;;Итого: таможенных платежей:;432 148,07;448 287,54;Гривна;;;;;;;;;;;;;;;;;;;;
;;;;;;;;;;;;;;;;;;;;;;;;;;;;;
№ п/п;Столбец2;Индекс;Бренд;Страна;Код УКТ ЗЕД;Кол-во;ЦСДО;Вес нетто, кг.;Пошлина, %;ПД/ПП;СУВСДО;СУ, USD;СБ, ГРН;СУ, ГРН;Сумма по документу;Столбец1;% вес;% деньги;Транспорт З, ГРН;Страховка З, ГРН;Факт стоим. ГРН;Там. Стоим. ГРН;Транспорт Л, ГРН;Разное Б, ГРН;Остальное У, ГРН;ФактПошлина Б, ГРН;ФактНДС У, ГРН;ТамПошлина Б, ГРН;ТамНДС У, ГРН
1;Масло;T1152003;TOKO;CN;8421230090;400;1,34;264,00;2,00%;ПД;1,7777;1,7777;39,1518;46,8668;536,0000;;1,20%;0,90%;638,6193;29,3049;13 890,7557;14 558,6799;389,4020;100,4323;116,0371;277,8151;2 833,7142;291,1736;2 969,9707
2;Воздух;T1203038;TOKO;CN;8421310000;500;1,09;150,00;0,00%;ПД;1,3786;1,3786;30,3328;36,3755;545,0000;filter;0,68%;0,91%;362,8519;29,7969;14 123,9960;14 516,6448;221,2511;102,1187;117,9855;0,0000;2 824,7992;0,0000;2 903,3290
3;Воздух;T1203043;TOKO;CN;8421310000;300;1,20;123,30;0,00%;ПД;1,5314;1,5314;33,7083;40,3998;360,0000;filter;0,56%;0,60%;298,2642;19,6824;9 329,6120;9 647,5586;181,8684;67,4546;77,9354;0,0000;1 865,9224;0,0000;1 929,5117
4;Воздух;T1203049;TOKO;CN;8421310000;300;1,38;133,50;0,00%;ПД;1,7564;1,7564;38,6569;46,3387;414,0000;filter;0,61%;0,69%;322,9382;22,6347;10 729,0538;11 074,6267;196,9135;77,5727;89,6257;0,0000;2 145,8108;0,0000;2 214,9253
5;Воздух;T1211101;TOKO;CN;8421310000;200;1,28;86,00;0,00%;ПД;1,6320;1,6320;35,9228;43,0563;256,0000;filter;0,39%;0,43%;208,0351;13,9964;6 634,3908;6 856,4222;126,8507;47,9677;55,4207;0,0000;1 326,8782;0,0000;1 371,2844
6;Воздух;T1213020;TOKO;CN;8421310000;200;0,99;62,60;0,00%;ПД;1,2590;1,2590;27,7078;33,2157;198,0000;filter;0,29%;0,33%;151,4302;10,8253;5 131,2866;5 293,5421;92,3355;37,1000;42,8644;0,0000;1 026,2573;0,0000;1 058,7084
7;Воздух;T1213035;TOKO;CN;8421310000;500;1,09;221,00;0,00%;ПД;1,4026;1,4026;30,8858;36,9971;545,0000;filter;1,01%;0,91%;534,6017;29,7969;14 123,9960;14 688,3947;325,9767;102,1187;117,9855;0,0000;2 824,7992;0,0000;2 937,6789
8;Воздух;T1213046;TOKO;CN;8421310000;300;1,60;186,90;0,00%;ПД;2,0545;2,0545;45,2364;54,1947;480,0000;filter;0,85%;0,80%;452,1134;26,2432;12 439,4827;12 917,8393;275,6789;89,9394;103,9138;0,0000;2 487,8965;0,0000;2 583,5679
9;Воздух;T1213060;TOKO;CN;8421310000;500;1,37;265,00;0,00%;ПД;1,7586;1,7586;38,7203;46,3892;685,0000;filter;1,21%;1,15%;641,0383;37,4512;17 752,1785;18 430,6679;390,8770;128,3510;148,2937;0,0000;3 550,4357;0,0000;3 686,1336
10;Воздух;T1213060P;TOKO;CN;8421310000;500;1,17;241,50;0,00%;ПД;1,5070;1,5070;33,1860;39,7500;585,0000;filter;1,10%;0,98%;584,1915;31,9839;15 160,6196;15 776,7949;356,2143;109,6136;126,6449;0,0000;3 032,1239;0,0000;3 155,3590
11;Воздух;T1215072;TOKO;CN;5911909090;200;1,09;41,60;5,00%;ПД;1,4298;1,4298;31,4151;37,7014;218,0000;cartridge;0,19%;0,36%;100,6309;11,9188;5 649,5984;5 762,1481;61,3603;40,8475;47,1942;282,4799;1 186,4157;288,1074;1 210,0511
12;Воздух;T1215091;TOKO;CN;5911909090;400;1,09;80,00;5,00%;ПД;1,4284;1,4284;31,3830;37,6652;436,0000;cartridge;0,36%;0,73%;193,5210;23,8375;11 299,1968;11 516,5553;118,0006;81,6950;94,3884;564,9598;2 372,8313;575,8278;2 418,4766
13;Воздух;T1215132;TOKO;CN;8421310000;200;1,09;53,20;0,00%;ПД;1,3729;1,3729;30,2004;36,2266;218,0000;filter;0,24%;0,36%;128,6915;11,9188;5 649,5984;5 790,2086;78,4704;40,8475;47,1942;0,0000;1 129,9197;0,0000;1 158,0417
14;Воздух;T1215147;TOKO;CN;8421310000;500;1,31;190,50;0,00%;ПД;1,6603;1,6603;36,5347;43,8068;655,0000;filter;0,87%;1,09%;460,8219;35,8110;16 974,7108;17 471,3437;280,9889;122,7298;141,7990;0,0000;3 394,9422;0,0000;3 494,2687
15;Воздух;T1235055;TOKO;CN;8421310000;100;1,16;39,50;0,00%;ПД;1,4799;1,4799;32,5757;39,0431;116,0000;filter;0,18%;0,19%;95,5510;6,3421;3 006,2083;3 108,1014;58,2628;21,7354;25,1125;0,0000;601,2417;0,0000;621,6203
16;Воздух;T1236059;TOKO;CN;8421310000;200;1,31;69,00;0,00%;ПД;1,6542;1,6542;36,3945;43,6492;262,0000;filter;0,31%;0,44%;166,9119;14,3244;6 789,8843;6 971,1206;101,7755;49,0919;56,7196;0,0000;1 357,9769;0,0000;1 394,2241
17;Воздух;T1252017;TOKO;CN;8421310000;150;1,17;75,00;0,00%;ПД;1,5099;1,5099;33,2522;39,8244;175,5000;filter;0,34%;0,29%;181,4259;9,5952;4 548,1859;4 739,2070;110,6256;32,8841;37,9935;0,0000;909,6372;0,0000;947,8414
18;Воздух;T1252042;TOKO;CN;8421310000;300;1,10;153,00;0,00%;ПД;1,4263;1,4263;31,4182;37,6165;330,0000;filter;0,70%;0,55%;370,1089;18,0422;8 552,1444;8 940,2954;225,6762;61,8333;71,4407;0,0000;1 710,4289;0,0000;1 788,0591
19;Воздух;T1276001;TOKO;CN;8421310000;300;0,94;122,40;0,00%;ПД;1,2141;1,2141;26,7399;32,0232;282,0000;filter;0,56%;0,47%;296,0871;15,4179;7 308,1961;7 619,7011;180,5409;52,8394;61,0494;0,0000;1 461,6392;0,0000;1 523,9402
20;Топливо;T1304024;TOKO;CN;8421230090;150;3,13;57,00;2,00%;ПД;3,9535;3,9535;86,8718;104,3195;469,5000;;0,26%;0,78%;137,8837;25,6691;12 167,3690;12 330,9218;84,0754;87,9720;101,6407;243,3474;2 482,1433;246,6184;2 515,5081
21;Топливо;T1311042;TOKO;CN;8421230090;100;1,16;38,00;2,00%;ПД;1,5062;1,5062;33,1382;39,7225;116,0000;;0,17%;0,19%;91,9225;6,3421;3 006,2083;3 104,4729;56,0503;21,7354;25,1125;60,1242;613,2665;62,0895;633,3125
22;Топливо;T1315101;TOKO;CN;8421230090;150;1,14;57,00;2,00%;ПД;1,4813;1,4813;32,5927;39,0667;171,0000;;0,26%;0,29%;137,8837;9,3491;4 431,5657;4 578,7986;84,0754;32,0409;37,0193;88,6313;904,0394;91,5760;934,0749
23;Топливо;T1336038;TOKO;CN;8421230090;120;3,51;57,00;2,00%;ПД;4,4419;4,4419;97,6112;117,2013;421,2000;;0,26%;0,70%;137,8837;23,0284;10 915,6461;11 076,5582;84,0754;78,9218;91,1844;218,3129;2 226,7918;221,5312;2 259,6179
24;Топливо;T1342024;TOKO;CN;8421230090;120;2,97;57,00;2,00%;ПД;3,7710;3,7710;82,8822;99,4944;356,4000;;0,26%;0,60%;137,8837;19,4856;9 236,3159;9 393,6852;84,0754;66,7800;77,1560;184,7263;1 884,2084;187,8737;1 916,3118
25;Топливо;T1352000;TOKO;CN;8421230090;500;1,38;170,00;2,00%;ПД;1,7726;1,7726;38,9812;46,7589;690,0000;;0,77%;1,15%;411,2321;37,7246;17 881,7564;18 330,7131;250,7513;129,2879;149,3761;357,6351;3 647,8783;366,6143;3 739,4655
26;Топливо;T1352001;TOKO;CN;8421230090;200;1,91;76,00;2,00%;ПД;2,4379;2,4379;53,5952;64,3152;382,0000;;0,35%;0,64%;183,8449;20,8852;9 899,7550;10 104,4851;112,1006;71,5768;82,6981;197,9951;2 019,5500;202,0897;2 061,3150
27;Салон;T1402026C;TOKO;CN;5911909090;350;1,24;105,00;5,00%;ПД;1,6376;1,6376;35,9928;43,1763;434,0000;cartridge;0,48%;0,73%;253,9963;23,7282;11 247,3656;11 525,0901;154,8758;81,3202;93,9554;562,3683;2 361,9468;576,2545;2 420,2689
28;Салон;T1403020C;TOKO;CN;5911909090;300;1,19;91,00;5,00%;ПД;1,5743;1,5743;34,6034;41,5051;357,0000;cartridge;0,41%;0,60%;220,1301;19,5184;9 251,8653;9 491,5138;134,2257;66,8924;77,2859;462,5933;1 942,8917;474,5757;1 993,2179
29;Салон;T1404008C;TOKO;CN;8421392000;250;1,80;97,00;0,00%;ПД;2,2584;2,2584;49,6727;59,5994;450,0000;filter;0,44%;0,75%;234,6442;24,6030;11 662,0151;11 921,2622;143,0757;84,3182;97,4192;0,0000;2 332,4030;0,0000;2 384,2524
30;Салон;T1413004C;TOKO;CN;8421392000;500;2,31;181,00;0,00%;ПД;2,8753;2,8753;63,2173;75,8907;1 155,0000;filter;0,82%;1,93%;437,8412;63,1476;29 932,5053;30 433,4942;266,9764;216,4167;250,0426;0,0000;5 986,5011;0,0000;6 086,6988
31;Салон;T1413006C;TOKO;CN;8421392000;1000;1,62;441,00;0,00%;ПД;2,0481;2,0481;45,0629;54,0413;1 620,0000;filter;2,01%;2,71%;1066,7845;88,5707;41 983,2542;43 138,6093;650,4783;303,5455;350,7091;0,0000;8 396,6508;0,0000;8 627,7219
32;Салон;T1413011C;TOKO;CN;5911909090;1000;1,44;300,00;5,00%;ПД;1,8933;1,8933;41,6038;49,9213;1 440,0000;cartridge;1,37%;2,41%;725,7037;78,7295;37 318,4482;38 122,8814;442,5023;269,8182;311,7414;1 865,9224;7 836,8741;1 906,1441;8 005,8051
33;Салон;T1415006C;TOKO;CN;5911909090;300;1,41;84,00;5,00%;ПД;1,8515;1,8515;40,6818;48,8191;423,0000;cartridge;0,38%;0,71%;203,1970;23,1268;10 962,2941;11 188,6180;123,9006;79,2591;91,5740;548,1147;2 302,0818;559,4309;2 349,6098
34;Салон;T1415008C;TOKO;CN;8421392000;800;1,14;240,00;0,00%;ПД;1,4395;1,4395;31,6707;37,9838;912,0000;filter;1,09%;1,52%;580,5630;49,8620;23 635,0172;24 265,4422;354,0018;170,8849;197,4362;0,0000;4 727,0034;0,0000;4 853,0884
35;Салон;T1415013C;TOKO;CN;5911909090;1500;1,52;524,00;5,00%;ПД;2,0042;2,0042;44,0463;52,8425;2 280,0000;cartridge;2,39%;3,81%;1267,5625;124,6551;59 087,5429;60 479,7605;772,9040;427,2122;493,5906;2 954,3771;12 408,3840;3 023,9880;12 700,7497
36;Салон;T1415013CP;TOKO;CN;5911909090;1500;1,03;524,00;5,00%;ПД;1,3778;1,3778;30,2993;36,3171;1 545,0000;cartridge;2,39%;2,58%;1267,5625;84,4702;40 039,5850;41 391,6177;772,9040;289,4925;334,4726;2 001,9793;8 408,3129;2 069,5809;8 692,2397
37;Салон;T1442023C;TOKO;CN;5911909090;200;1,67;70,00;5,00%;ПД;2,1961;2,1961;48,2572;57,9043;334,0000;cartridge;0,32%;0,56%;169,3309;18,2609;8 655,8067;8 843,3985;103,2505;62,5828;72,3067;432,7903;1 817,7194;442,1699;1 857,1137
38;Колодки;T2103016L;TOKO;CN;8708309198;200;4,00;300,00;10,00%;ПД;5,6246;5,6246;123,6182;148,1362;800,0000;;1,37%;1,34%;725,7037;43,7386;20 732,4712;21 501,9135;442,5023;149,8990;173,1897;2 073,2471;4 561,1437;2 150,1914;4 730,4210
39;Колодки;T2103021L;TOKO;CN;8708309198;60;3,94;120,00;10,00%;ПД;5,6344;5,6344;123,9249;148,3533;236,4000;;0,55%;0,40%;290,2815;12,9248;6 126,4452;6 429,6515;177,0009;44,2952;51,1775;612,6445;1 347,8180;642,9651;1 414,5233
40;Колодки;T2111049L;TOKO;CN;8708309198;50;3,75;72,50;10,00%;ПД;5,2810;5,2810;116,0730;139,0819;187,5000;;0,33%;0,31%;175,3784;10,2512;4 859,1729;5 044,8026;106,9380;35,1326;40,5913;485,9173;1 069,0180;504,4803;1 109,8566
41;Колодки;T2111067L;TOKO;CN;8708309198;80;4,33;152,00;10,00%;ПД;6,1385;6,1385;134,9592;161,6470;346,4000;;0,69%;0,58%;367,6899;18,9388;8 977,1600;9 363,7887;224,2011;64,9063;74,9911;897,7160;1 974,9752;936,3789;2 060,0335
42;Колодки;T2111068L;TOKO;CN;8708309198;120;4,54;228,00;10,00%;ПД;6,4196;6,4196;141,1235;169,0566;544,8000;;1,04%;0,91%;551,5348;29,7860;14 118,8129;14 700,1337;336,3017;102,0812;117,9422;1 411,8813;3 106,1388;1 470,0134;3 234,0294
43;Колодки;T2112038L;TOKO;CN;8708309198;150;3,36;180,00;10,00%;ПД;4,7139;4,7139;103,5911;124,1543;504,0000;;0,82%;0,84%;435,4222;27,5553;13 061,4569;13 524,4344;265,5014;94,4364;109,1095;1 306,1457;2 873,5205;1 352,4434;2 975,3756
44;Колодки;T2112052L;TOKO;CN;8708309198;150;3,58;247,50;10,00%;ПД;5,0895;5,0895;111,9101;134,0174;537,0000;;1,13%;0,90%;598,7056;29,3595;13 916,6713;14 544,7364;365,0644;100,6197;116,2536;1 391,6671;3 061,6677;1 454,4736;3 199,8420
45;Колодки;T2112053L;TOKO;CN;8708309198;140;4,31;182,00;10,00%;ПД;6,0036;6,0036;131,8906;158,1405;603,4000;;0,83%;1,01%;440,2603;32,9899;15 637,4664;16 110,7165;268,4514;113,0613;130,6283;1 563,7466;3 440,2426;1 611,0717;3 544,3576
46;Колодки;T2112055L;TOKO;CN;8708309198;180;4,54;306,00;10,00%;ПД;6,3835;6,3835;140,2963;168,1229;817,2000;;1,39%;1,37%;740,2178;44,6790;21 178,2193;21 963,1161;451,3523;153,1218;176,9132;2 117,8219;4 659,2083;2 196,3116;4 831,8855
47;Колодки;T2112061L;TOKO;CN;8708309198;80;4,04;144,00;10,00%;ПД;5,7323;5,7323;126,0331;150,9480;323,2000;;0,66%;0,54%;348,3378;17,6704;8 375,9184;8 741,9266;212,4011;60,5592;69,9686;837,5918;1 842,7020;874,1927;1 923,2238
48;Колодки;T2112063L;TOKO;CN;8708309198;60;3,73;69,00;10,00%;ПД;5,2001;5,2001;114,2451;136,9758;223,8000;;0,31%;0,37%;166,9119;12,2359;5 799,9088;5 979,0566;101,7755;41,9342;48,4498;579,9909;1 275,9799;597,9057;1 315,3924
49;Колодки;T2112073L;TOKO;CN;8708309198;80;4,32;136,00;10,00%;ПД;6,0890;6,0890;133,8385;160,3606;345,6000;;0,62%;0,58%;328,9857;18,8951;8 956,4276;9 304,3083;200,6010;64,7564;74,8179;895,6428;1 970,4141;930,4308;2 046,9478
50;Колодки;T2112074L;TOKO;CN;8708309198;100;4,13;150,00;10,00%;ПД;5,7987;5,7987;127,4341;152,7231;413,0000;;0,68%;0,69%;362,8519;22,5801;10 703,1383;11 088,5702;221,2511;77,3854;89,4092;1 070,3138;2 354,6904;1 108,8570;2 439,4854
51;Колодки;T2113000L;TOKO;CN;8708309198;150;3,72;210,00;10,00%;ПД;5,2318;5,2318;114,9856;137,7900;558,0000;;0,96%;0,93%;507,9926;30,5077;14 460,8987;14 999,3990;309,7516;104,5546;120,7998;1 446,0899;3 181,3977;1 499,9399;3 299,8678
52;Колодки;T2113030L;TOKO;CN;8708309198;80;3,31;104,00;10,00%;ПД;4,6650;4,6650;102,5370;122,8570;264,8000;;0,47%;0,44%;251,5773;14,4775;6 862,4480;7 128,5027;153,4008;49,6166;57,3258;686,2448;1 509,7386;712,8503;1 568,2706
53;Колодки;T2114011L;TOKO;CN;8708309198;50;3,41;60,00;10,00%;ПД;4,7808;4,7808;105,0588;125,9185;170,5000;;0,27%;0,29%;145,1407;9,3218;4 418,6079;4 573,0705;88,5005;31,9472;36,9110;441,8608;972,0937;457,3070;1 006,0755
54;Колодки;T2114044L;TOKO;CN;8708309198;60;3,61;90,00;10,00%;ПД;5,1026;5,1026;112,1703;134,3757;216,6000;;0,41%;0,36%;217,7111;11,8422;5 613,3166;5 842,8699;132,7507;40,5852;46,8911;561,3317;1 234,9296;584,2870;1 285,4314
55;Колодки;T2114062L;TOKO;CN;8708309198;60;3,33;78,00;10,00%;ПД;4,6918;4,6918;103,1241;123,5627;199,8000;;0,36%;0,33%;188,6830;10,9237;5 177,9347;5 377,5414;115,0506;37,4373;43,2541;517,7935;1 139,1456;537,7541;1 183,0591
56;Колодки;T2114076L;TOKO;CN;8708309198;80;3,82;144,00;10,00%;ПД;5,4378;5,4378;119,5753;143,1856;305,6000;;0,66%;0,51%;348,3378;16,7082;7 919,8040;8 284,8499;212,4011;57,2614;66,1585;791,9804;1 742,3569;828,4850;1 822,6670
57;Колодки;T2114077L;TOKO;CN;8708309198;150;3,35;165,00;10,00%;ПД;4,6825;4,6825;102,8840;123,3347;502,5000;;0,75%;0,84%;399,1370;27,4733;13 022,5835;13 449,1938;243,3762;94,1553;108,7848;1 302,2583;2 864,9684;1 344,9194;2 958,8226
58;Колодки;T2114078L;TOKO;CN;8708309198;60;4,10;114,00;10,00%;ПД;5,8306;5,8306;128,2079;153,5318;246,0000;;0,52%;0,41%;275,7674;13,4496;6 375,2349;6 664,4519;168,1509;46,0939;53,2558;637,5235;1 402,5517;666,4452;1 466,1794
59;Колодки;T2114080L;TOKO;CN;8708309198;70;3,42;84,00;10,00%;ПД;4,7942;4,7942;105,3523;126,2714;239,4000;;0,38%;0,40%;203,1970;13,0888;6 204,1920;6 420,4778;123,9006;44,8573;51,8270;620,4192;1 364,9222;642,0478;1 412,5051
60;Колодки;T2114086L;TOKO;CN;8708309198;150;4,01;255,00;10,00%;ПД;5,6741;5,6741;124,7389;149,4227;601,5000;;1,16%;1,01%;616,8482;32,8860;15 588,2268;16 237,9609;376,1269;112,7053;130,2170;1 558,8227;3 429,4099;1 623,7961;3 572,3514
61;Колодки;T2115100L;TOKO;CN;8708309198;70;3,30;98,00;10,00%;ПД;4,6696;4,6696;102,6571;122,9710;231,0000;;0,45%;0,39%;237,0632;12,6295;5 986,5011;6 236,1938;144,5507;43,2833;50,0085;598,6501;1 317,0302;623,6194;1 371,9626
62;Колодки;T2115106L;TOKO;CN;8708309198;100;4,54;180,00;10,00%;ПД;6,4015;6,4015;140,7099;168,5898;454,0000;;0,82%;0,76%;435,4222;24,8217;11 765,6774;12 225,9213;265,5014;85,0677;98,2851;1 176,5677;2 588,4490;1 222,5921;2 689,7027
63;Колодки;T2115113L;TOKO;CN;8708309198;80;3,00;84,00;10,00%;ПД;4,2050;4,2050;92,4034;110,7521;240,0000;;0,38%;0,40%;203,1970;13,1216;6 219,7414;6 436,0600;123,9006;44,9697;51,9569;621,9741;1 368,3431;643,6060;1 415,9332
64;Колодки;T2115120L;TOKO;CN;8708309198;100;4,29;180,00;10,00%;ПД;6,0669;6,0669;133,3715;159,7689;429,0000;;0,82%;0,72%;435,4222;23,4548;11 117,7877;11 576,6647;265,5014;80,3833;92,8730;1 111,7788;2 445,9133;1 157,6665;2 546,8662
65;Колодки;T2115122L;TOKO;CN;8708309198;100;3,90;170,00;10,00%;ПД;5,5268;5,5268;121,5100;145,5415;390,0000;;0,77%;0,65%;411,2321;21,3226;10 107,0797;10 539,6344;250,7513;73,0758;84,4300;1 010,7080;2 223,5575;1 053,9634;2 318,7196
66;Колодки;T2115129L;TOKO;CN;8708309198;60;5,18;120,00;10,00%;ПД;7,2943;7,2943;160,3234;192,1048;310,8000;;0,55%;0,52%;290,2815;16,9925;8 054,5651;8 361,8390;177,0009;58,2358;67,2842;805,4565;1 772,0043;836,1839;1 839,6046
67;Колодки;T2116013L;TOKO;CN;8708309198;80;3,89;136,00;10,00%;ПД;5,5134;5,5134;121,2165;145,1887;311,2000;;0,62%;0,52%;328,9857;17,0143;8 064,9313;8 410,9313;200,6010;58,3107;67,3708;806,4931;1 774,2849;841,0931;1 850,4049
68;Колодки;T2119006L;TOKO;CN;8708309198;100;3,05;90,00;10,00%;ПД;4,2449;4,2449;93,2507;111,8160;305,0000;;0,41%;0,51%;217,7111;16,6753;7 904,2546;8 138,6411;132,7507;57,1490;66,0286;790,4255;1 738,9360;813,8641;1 790,5010
69;Колодки;T2132026L;TOKO;CN;8708309198;100;3,87;150,00;10,00%;ПД;5,4506;5,4506;119,8022;143,5494;387,0000;;0,68%;0,65%;362,8519;21,1586;10 029,3329;10 413,3434;221,2511;72,5136;83,7805;1 002,9333;2 206,4532;1 041,3343;2 290,9355
70;Колодки;T2133047L;TOKO;CN;8708309198;50;5,68;85,00;10,00%;ПД;7,9095;7,9095;173,7594;208,3462;284,0000;;0,39%;0,47%;205,6161;15,5272;7 360,0273;7 581,1705;125,3756;53,2141;61,4823;736,0027;1 619,2060;758,1171;1 667,8575
71;Колодки;T2134005L;TOKO;CN;8708309198;50;3,60;70,00;10,00%;ПД;5,0712;5,0712;111,4632;133,5560;180,0000;;0,32%;0,30%;169,3309;9,8412;4 664,8060;4 843,9781;103,2505;33,7273;38,9677;466,4806;1 026,2573;484,3978;1 065,6752
72;Колодки;T2134009L;TOKO;CN;8708309198;50;4,52;90,00;10,00%;ПД;6,3748;6,3748;140,1228;167,8841;226,0000;;0,41%;0,38%;217,7111;12,3562;5 856,9231;6 086,9904;132,7507;42,3465;48,9261;585,6923;1 288,5231;608,6990;1 339,1379
73;Колодки;T2142018L;TOKO;CN;8708309198;80;3,97;140,00;10,00%;ПД;5,6295;5,6295;123,7715;148,2447;317,6000;;0,64%;0,53%;338,6617;17,3642;8 230,7911;8 586,8170;206,5011;59,5099;68,7563;823,0791;1 810,7740;858,6817;1 889,0997
74;Колодки;T2142046L;TOKO;CN;8708309198;60;4,80;138,00;10,00%;ПД;6,8397;6,8397;150,4098;180,0975;288,0000;;0,63%;0,48%;333,8237;15,7459;7 463,6896;7 813,2592;203,5510;53,9636;62,3483;746,3690;1 642,0117;781,3259;1 718,9170
75;Колодки;T2143020L;TOKO;CN;8708309198;50;3,46;65,00;10,00%;ПД;4,8658;4,8658;106,9401;128,1495;173,0000;;0,30%;0,29%;157,2358;9,4585;4 483,3969;4 650,0912;95,8755;32,4157;37,4523;448,3397;986,3473;465,0091;1 023,0201
76;Колодки;T2146012L;TOKO;CN;8708309198;60;3,41;66,00;10,00%;ПД;4,7628;4,7628;104,6452;125,4517;204,6000;;0,30%;0,34%;159,6548;11,1862;5 302,3295;5 473,1705;97,3505;38,3367;44,2933;530,2330;1 166,5125;547,3170;1 204,0975
77;Колодки;T2146034L;TOKO;CN;8708309198;50;4,55;85,00;10,00%;ПД;6,3969;6,3969;140,5898;168,4758;227,5000;;0,39%;0,38%;205,6161;12,4382;5 895,7965;6 113,8507;125,3756;42,6275;49,2508;589,5796;1 297,0752;611,3851;1 345,0472
78;Колодки;T2146037L;TOKO;CN;8708309198;80;3,82;120,00;10,00%;ПД;5,3837;5,3837;118,3345;141,7852;305,6000;;0,55%;0,51%;290,2815;16,7082;7 919,8040;8 226,7936;177,0009;57,2614;66,1585;791,9804;1 742,3569;822,6794;1 809,8946
79;Колодки;T2152025L;TOKO;CN;8708309198;60;4,77;114,00;10,00%;ПД;6,7274;6,7274;147,8748;177,1718;286,2000;;0,52%;0,48%;275,7674;15,6475;7 417,0416;7 708,4565;168,1509;53,6264;61,9586;741,7042;1 631,7491;770,8456;1 695,8604
80;Колодки;T2152045L;TOKO;CN;8708309198;60;6,26;120,00;10,00%;ПД;8,7399;8,7399;192,0252;230,2110;375,6000;;0,55%;0,63%;290,2815;20,5353;9 733,8952;10 044,7120;177,0009;70,3776;81,3126;973,3895;2 141,4570;1 004,4712;2 209,8366
81;Колодки;T2152056L;TOKO;CN;8708309198;60;3,90;90,00;10,00%;ПД;5,4908;5,4908;120,6828;144,6079;234,0000;;0,41%;0,39%;217,7111;12,7935;6 064,2478;6 294,7525;132,7507;43,8455;50,6580;606,4248;1 334,1345;629,4752;1 384,8455
82;Колодки;T2176007L;TOKO;CN;8708309198;50;3,82;67,50;10,00%;ПД;5,3567;5,3567;117,7141;141,0850;191,0000;;0,31%;0,32%;163,2833;10,4426;4 949,8775;5 123,6034;99,5630;35,7884;41,3490;494,9877;1 088,9730;512,3603;1 127,1928
83;Колодки;T2202013L;TOKO;CN;8708309198;50;2,89;37,50;10,00%;ПД;4,0037;4,0037;87,9338;105,4704;144,5000;;0,17%;0,24%;90,7130;7,9003;3 744,8026;3 843,4159;55,3128;27,0755;31,2824;374,4803;823,8566;384,3416;845,5515
84;Колодки;T2204006L;TOKO;CN;8708309198;60;2,72;39,00;10,00%;ПД;3,7581;3,7581;82,5301;99,0054;163,2000;;0,18%;0,27%;94,3415;8,9227;4 229,4241;4 332,6883;57,5253;30,5794;35,3307;422,9424;930,4733;433,2688;953,1914
85;Колодки;T2204028L;TOKO;CN;8708309198;50;3,07;55,00;10,00%;ПД;4,3077;4,3077;94,6650;113,4553;153,5000;;0,25%;0,26%;133,0457;8,3923;3 978,0429;4 119,4809;81,1254;28,7619;33,2308;397,8043;875,1694;411,9481;906,2858
86;Колодки;T2211011L;TOKO;CN;8708309198;100;3,42;80,00;10,00%;ПД;4,7221;4,7221;103,6980;124,4041;342,0000;;0,36%;0,57%;193,5210;18,6983;8 863,1314;9 075,3507;118,0006;64,0818;74,0386;886,3131;1 949,8889;907,5351;1 996,5772
87;Колодки;T2211014L;TOKO;CN;8708309198;50;3,05;40,00;10,00%;ПД;4,2268;4,2268;92,8371;111,3492;152,5000;;0,18%;0,25%;96,7605;8,3377;3 952,1273;4 057,2255;59,0003;28,5745;33,0143;395,2127;869,4680;405,7225;892,5896
88;Колодки;T2211029L;TOKO;CN;8708309198;60;3,37;54,00;10,00%;ПД;4,6732;4,6732;102,6439;123,1067;202,2000;;0,25%;0,34%;130,6267;11,0549;5 240,1321;5 381,8137;79,6504;37,8870;43,7737;524,0132;1 152,8291;538,1814;1 183,9990
89;Колодки;T2211031L;TOKO;CN;8708309198;70;2,88;52,50;10,00%;ПД;3,9903;3,9903;87,6402;105,1176;201,6000;;0,24%;0,34%;126,9982;11,0221;5 224,5827;5 362,6030;77,4379;37,7745;43,6438;522,4583;1 149,4082;536,2603;1 179,7727
90;Колодки;T2212002L;TOKO;CN;8708309198;200;2,80;150,00;10,00%;ПД;3,8832;3,8832;85,2919;102,2949;560,0000;;0,68%;0,94%;362,8519;30,6170;14 512,7298;14 906,1987;221,2511;104,9293;121,2328;1 451,2730;3 192,8006;1 490,6199;3 279,3637
91;Колодки;T2212004L;TOKO;CN;8708309198;80;3,29;68,00;10,00%;ПД;4,5571;4,5571;100,0888;120,0507;263,2000;;0,31%;0,44%;164,4928;14,3900;6 820,9830;6 999,8659;100,3005;49,3168;56,9794;682,0983;1 500,6163;699,9866;1 539,9705
92;Колодки;T2212019L;TOKO;CN;8708309198;80;2,98;68,00;10,00%;ПД;4,1421;4,1421;90,9892;109,1128;238,4000;;0,31%;0,40%;164,4928;13,0341;6 178,2764;6 355,8034;100,3005;44,6699;51,6105;617,8276;1 359,2208;635,5803;1 398,2767
93;Колодки;T2213009L;TOKO;CN;8708309198;100;2,87;75,00;10,00%;ПД;3,9769;3,9769;87,3467;104,7648;287,0000;;0,34%;0,48%;181,4259;15,6912;7 437,7740;7 634,8912;110,6256;53,7763;62,1318;743,7774;1 636,3103;763,4891;1 679,6761
94;Колодки;T2215005L;TOKO;CN;8708309198;60;2,63;45,00;10,00%;ПД;3,6556;3,6556;80,3018;96,2967;157,8000;;0,21%;0,26%;108,8556;8,6274;4 089,4799;4 206,9629;66,3753;29,5676;34,1617;408,9480;899,6856;420,6963;925,5318
95;Колодки;T2215017L;TOKO;CN;8708309198;70;2,95;70,00;10,00%;ПД;4,1290;4,1290;90,7290;108,7545;206,5000;;0,32%;0,35%;169,3309;11,2900;5 351,5691;5 532,1900;103,2505;38,6927;44,7046;535,1569;1 177,3452;553,2190;1 217,0818
96;Колодки;T2215027L;TOKO;CN;8708309198;100;2,76;65,00;10,00%;ПД;3,8116;3,8116;83,7042;100,4168;276,0000;;0,30%;0,46%;157,2358;15,0898;7 152,7026;7 325,0282;95,8755;51,7152;59,7504;715,2703;1 573,5946;732,5028;1 611,5062
97;Колодки;T2215030L;TOKO;CN;8708309198;120;2,64;78,00;10,00%;ПД;3,6510;3,6510;80,1818;96,1828;316,8000;;0,36%;0,53%;188,6830;17,3205;8 210,0586;8 416,0621;115,0506;59,3600;68,5831;821,0059;1 806,2129;841,6062;1 851,5337
98;Колодки;T2215031L;TOKO;CN;8708309198;120;3,04;108,00;10,00%;ПД;4,2315;4,2315;92,9572;111,4632;364,8000;;0,49%;0,61%;261,2533;19,9448;9 454,0069;9 735,2050;159,3008;68,3539;78,9745;945,4007;2 079,8815;973,5205;2 141,7451
99;Колодки;T2215036L;TOKO;CN;8708309198;60;3,12;45,00;10,00%;ПД;4,3115;4,3115;94,6851;113,5857;187,2000;;0,21%;0,31%;108,8556;10,2348;4 851,3983;4 970,4887;66,3753;35,0764;40,5264;485,1398;1 067,3076;497,0489;1 093,5075
100;Колодки;T2215039L;TOKO;CN;8708309198;80;2,92;80,00;10,00%;ПД;4,0889;4,0889;89,8484;107,6960;233,6000;;0,36%;0,39%;193,5210;12,7717;6 053,8816;6 260,1743;118,0006;43,7705;50,5714;605,3882;1 331,8539;626,0174;1 377,2383
101;Колодки;T2216026L;TOKO;CN;8708309198;100;3,19;70,00;10,00%;ПД;4,3962;4,3962;96,5330;115,8221;319,0000;;0,32%;0,53%;169,3309;17,4408;8 267,0729;8 453,8445;103,2505;59,7722;69,0594;826,7073;1 818,7560;845,3845;1 859,8458
102;Колодки;T2218001L;TOKO;CN;8708309198;100;3,09;90,00;10,00%;ПД;4,2984;4,2984;94,4249;113,2274;309,0000;;0,41%;0,52%;217,7111;16,8940;8 007,9170;8 242,5222;132,7507;57,8985;66,8945;800,7917;1 761,7417;824,2522;1 813,3549
103;Колодки;T2235017L;TOKO;CN;8708309198;60;3,01;45,00;10,00%;ПД;4,1643;4,1643;91,4562;109,7045;180,6000;;0,21%;0,30%;108,8556;9,8740;4 680,3554;4 799,0849;66,3753;33,8397;39,0976;468,0355;1 029,6782;479,9085;1 055,7987
104;Колодки;T2236008L;TOKO;CN;8708309198;50;3,86;70,00;10,00%;ПД;5,4192;5,4192;119,0951;142,7297;193,0000;;0,32%;0,32%;169,3309;10,5519;5 001,7087;5 181,5915;103,2505;36,1631;41,7820;500,1709;1 100,3759;518,1591;1 139,9501
105;Колодки;T2243010L;TOKO;CN;8708309198;50;2,85;37,50;10,00%;ПД;3,9501;3,9501;86,7596;104,0591;142,5000;;0,17%;0,24%;90,7130;7,7909;3 692,9714;3 791,4753;55,3128;26,7008;30,8494;369,2971;812,4537;379,1475;834,1246
106;Колодки;T2243011L;TOKO;CN;8708309198;60;3,57;60,00;10,00%;ПД;4,9589;4,9589;108,9282;130,6303;214,2000;;0,27%;0,36%;145,1407;11,7110;5 551,1192;5 707,9709;88,5005;40,1355;46,3715;555,1119;1 221,2462;570,7971;1 255,7536
107;Колодки;T2252034L;TOKO;CN;8708309198;80;2,95;84,00;10,00%;ПД;4,1380;4,1380;90,9358;108,9879;236,0000;;0,38%;0,39%;203,1970;12,9029;6 116,0790;6 332,1789;123,9006;44,2202;51,0910;611,6079;1 345,5374;633,2179;1 393,0794
108;Диски;T2303030;TOKO;CN;8708309198;50;9,57;323,59;10,00%;ПД;13,9766;13,9766;307,6806;367,8743;478,5000;;1,47%;0,80%;782,7682;26,1612;12 400,6093;13 209,5387;477,2977;89,6583;103,5891;1 240,0609;2 728,1341;1 320,9539;2 906,0985
109;Диски;T2315130;TOKO;CN;8708309198;57;7,30;404,97;10,00%;ПД;11,0521;11,0521;243,6657;290,7353;416,1000;;1,85%;0,70%;979,6275;22,7495;10 783,4766;11 785,8536;597,3338;77,9662;90,0803;1 078,3477;2 372,3648;1 178,5854;2 592,8878
110;Диски;T2315143;TOKO;CN;8708309198;50;10,70;451,50;10,00%;ПД;15,9502;15,9502;351,4306;419,6866;535,0000;;2,06%;0,89%;1092,1841;29,2502;13 864,8401;14 986,2744;665,9659;100,2450;115,8206;1 386,4840;3 050,2648;1 498,6274;3 296,9804
111;Диски;T2403008;TOKO;CN;8708309198;50;5,26;302,79;10,00%;ПД;8,1324;8,1324;179,4461;213,8604;263,0000;;1,38%;0,44%;732,4528;14,3791;6 815,7999;7 562,6317;446,6175;49,2793;56,9361;681,5800;1 499,4760;756,2632;1 663,7790
112;Диски;T2403043;TOKO;CN;8708309198;50;4,87;181,08;10,00%;ПД;7,1716;7,1716;157,9306;188,7367;243,5000;;0,83%;0,41%;438,0348;13,3129;6 310,4459;6 761,7936;267,0944;45,6255;52,7146;631,0446;1 388,2981;676,1794;1 487,5946
113;Диски;T2415052;TOKO;CN;8708309198;55;5,99;291,66;10,00%;ПД;8,9738;8,9738;197,7603;236,1028;329,4500;;1,33%;0,55%;705,5292;18,0121;8 537,8908;9 261,4321;430,2007;61,7303;71,3217;853,7891;1 878,3360;926,1432;2 037,5151
114;Диски;T2415054;TOKO;CN;8708309198;68;3,90;246,27;10,00%;ПД;5,8732;5,8732;129,4577;154,5118;265,2000;;1,12%;0,44%;595,7302;14,4994;6 872,8142;7 483,0437;363,2501;49,6915;57,4124;687,2814;1 512,0191;748,3044;1 646,2696
115;Диски;T2415089;TOKO;CN;8708309198;50;7,70;263,62;10,00%;ПД;11,2573;11,2573;247,8287;296,2952;385,0000;;1,20%;0,64%;637,7000;21,0492;9 977,5018;10 636,2510;388,8415;72,1389;83,3475;997,7502;2 195,0504;1 063,6251;2 339,9752
116;Диски;T2416007;TOKO;CN;8708309198;50;6,19;333,85;10,00%;ПД;9,4892;9,4892;209,3142;249,5739;309,5000;;1,52%;0,52%;807,5873;16,9214;8 020,8748;8 845,3835;492,4313;57,9922;67,0028;802,0875;1 764,5925;884,5383;1 945,9844
117;Диски;T2416018;TOKO;CN;8708309198;50;5,89;263,61;10,00%;ПД;8,8344;8,8344;194,6980;232,4311;294,5000;;1,20%;0,49%;637,6759;16,1013;7 632,1410;8 285,9181;388,8267;55,1816;63,7554;763,2141;1 679,0710;828,5918;1 822,9020
118;Диски;T2452011;TOKO;CN;8708309198;55;4,99;199,19;10,00%;ПД;7,3322;7,3322;161,4531;192,9709;274,4500;;0,91%;0,46%;481,8431;15,0051;7 112,5334;7 609,3816;293,8068;51,4247;59,4149;711,2533;1 564,7573;760,9382;1 674,0639
119;Диски;T2452012;TOKO;CN;8708309198;50;4,40;181,08;10,00%;ПД;6,5425;6,5425;144,1344;172,1535;220,0000;;0,83%;0,37%;438,0348;12,0281;5 701,4296;6 151,4925;267,0944;41,2222;47,6272;570,1430;1 254,3145;615,1492;1 353,3283
120;Диски;T2452019;TOKO;CN;8708309198;50;8,20;333,86;10,00%;ПД;12,1798;12,1798;268,3157;320,4947;410,0000;;1,52%;0,69%;807,6115;22,4160;10 625,3915;11 455,4190;492,4460;76,8232;88,7597;1 062,5391;2 337,5861;1 145,5419;2 520,1922
121;Диски;T2476003;TOKO;CN;8708309198;50;6,60;285,27;10,00%;ПД;9,8629;9,8629;217,3307;259,5046;330,0000;;1,30%;0,55%;690,0717;18,0422;8 552,1444;9 260,2582;420,7754;61,8333;71,4407;855,2144;1 881,4718;926,0258;2 037,2568
122;Накладки;T2503011;TOKO;CN;8708309998;50;6,84;167,50;10,00%;ПД;9,7596;9,7596;214,6338;256,9774;342,0000;;0,76%;0,57%;405,1846;18,6983;8 863,1314;9 287,0143;247,0638;64,0818;74,0386;886,3131;1 949,8889;928,7014;2 043,1431
123;Накладки;T2503038;TOKO;CN;8708309998;50;3,99;65,00;10,00%;ПД;5,5752;5,5752;122,4975;146,8498;199,5000;;0,30%;0,33%;157,2358;10,9073;5 170,1600;5 338,3031;95,8755;37,3811;43,1892;517,0160;1 137,4352;533,8303;1 174,4267
124;Накладки;T2503040;TOKO;CN;8708309998;120;2,94;156,00;10,00%;ПД;4,1697;4,1697;91,6762;109,8021;352,8000;;0,71%;0,59%;377,3659;19,2887;9 143,0198;9 539,6745;230,1012;66,1055;76,3766;914,3020;2 011,4644;953,9674;2 098,7284
125;Накладки;T2504018;TOKO;CN;8708309998;50;5,47;135,00;10,00%;ПД;7,8086;7,8086;171,7310;205,6047;273,5000;;0,62%;0,46%;326,5667;14,9531;7 087,9136;7 429,4334;199,1260;51,2467;59,2092;708,7914;1 559,3410;742,9433;1 634,4753
126;Накладки;T2512049;TOKO;CN;8708309998;50;4,11;65,00;10,00%;ПД;5,7358;5,7358;126,0199;151,0838;205,5000;;0,30%;0,34%;157,2358;11,2354;5 325,6535;5 494,1247;95,8755;38,5053;44,4881;532,5654;1 171,6438;549,4125;1 208,7074
127;Накладки;T2513034;TOKO;CN;8708309998;50;4,21;45,00;10,00%;ПД;5,7976;5,7976;127,3009;152,7449;210,5000;;0,21%;0,35%;108,8556;11,5087;5 455,2315;5 575,5958;66,3753;39,4422;45,5705;545,5231;1 200,1509;557,5596;1 226,6311
128;Накладки;T2514061;TOKO;CN;8708309998;250;3,29;275,00;10,00%;ПД;4,6022;4,6022;101,1228;121,2177;822,5000;;1,25%;1,37%;665,2284;44,9688;21 315,5720;22 025,7691;405,6271;154,1149;178,0606;2 131,5572;4 689,4258;2 202,5769;4 845,6692
129;Накладки;T2514062;TOKO;CN;8708309998;250;3,35;225,00;10,00%;ПД;4,6464;4,6464;102,0568;122,4011;837,5000;;1,03%;1,40%;544,2778;45,7889;21 704,3058;22 294,3724;331,8767;156,9255;181,3079;2 170,4306;4 774,9473;2 229,4372;4 904,7619
130;Накладки;T2514072;TOKO;CN;8708309998;50;3,48;45,00;10,00%;ПД;4,8204;4,8204;105,8728;126,9879;174,0000;;0,21%;0,29%;108,8556;9,5131;4 509,3125;4 627,6812;66,3753;32,6030;37,6688;450,9312;992,0487;462,7681;1 018,0899
131;Накладки;T2515060;TOKO;CN;8708309998;50;4,39;65,00;10,00%;ПД;6,1106;6,1106;134,2389;160,9632;219,5000;;0,30%;0,37%;157,2358;12,0008;5 688,4718;5 857,7084;95,8755;41,1285;47,5189;568,8472;1 251,4638;585,7708;1 288,6958
132;Накладки;T2515061;TOKO;CN;8708309998;50;4,87;90,00;10,00%;ПД;6,8433;6,8433;150,3966;180,2333;243,5000;;0,41%;0,41%;217,7111;13,3129;6 310,4459;6 541,4700;132,7507;45,6255;52,7146;631,0446;1 388,2981;654,1470;1 439,1234
133;Накладки;T2515072;TOKO;CN;8708309998;100;6,16;290,00;10,00%;ПД;8,7683;8,7683;192,8122;230,8840;616,0000;;1,32%;1,03%;701,5136;33,6787;15 964,0028;16 699,1952;427,7522;115,4222;133,3560;1 596,4003;3 512,0806;1 669,9195;3 673,8229
134;Амортик;AF0004;LOVBY;CN;8708803598;147;6,16;323,40;5,00%;ПД;8,2592;8,2592;181,6521;217,6984;905,5200;;1,47%;1,51%;782,3086;49,5077;23 467,0842;24 298,9005;477,0174;169,6707;196,0334;1 173,3542;4 928,0877;1 214,9450;5 102,7691
135;Амортик;AF5003;LOVBY;CN;8708803598;797;5,77;1 753,40;5,00%;ПД;7,7606;7,7606;170,7106;204,5455;4 598,6900;;7,99%;7,69%;4241,4963;251,4254;119 177,7600;123 670,6818;2 586,2783;861,6738;995,5570;5 958,8880;25 027,3296;6 183,5341;25 970,8432
136;Амортик;AR3022;LOVBY;CN;8708803598;149;4,92;208,60;5,00%;ПД;6,5343;6,5343;143,6519;172,2606;733,0800;;0,95%;1,23%;504,6060;40,0799;18 998,2000;19 542,8859;307,6866;137,3600;158,7024;949,9100;3 989,6220;977,1443;4 104,0060
137;Амортик;AR5007;LOVBY;CN;8708803598;382;4,96;534,80;5,00%;ПД;6,5854;6,5854;144,7741;173,6096;1 894,7200;;2,44%;3,17%;1293,6878;103,5905;49 102,7848;50 500,0632;788,8340;355,0208;410,1824;2 455,1392;10 311,5848;2 525,0032;10 605,0133
